time,open,high,low,close,volume,SMA_14,SMA_50
1750174200,197.2,197.93,196.56,196.56,2498234,,
1750175100,196.56,197.03,196.25,196.82,1375868,,
1750176000,196.82,197.69,196.69,197.63,1097304,,
1750176900,197.62,197.91,197.44,197.58,678905,,
1750177800,197.58,197.7,197.32,197.5,733152,,
1750178700,197.51,197.77,197.35,197.38,650539,,
1750179600,197.38,197.79,197.34,197.69,546027,,
1750180500,197.7,197.79,197.35,197.58,536276,,
1750181400,197.59,198.38,197.51,198.33,911091,,
1750182300,198.34,198.39,197.78,197.78,624460,,
1750183200,197.78,198.13,197.63,198.11,535183,,
1750184100,198.11,198.15,197.46,197.61,606987,,
1750185000,197.61,197.85,197.21,197.31,399878,,
1750185900,197.28,197.41,196.68,196.78,829192,197.48,
1750186800,196.77,196.86,196.46,196.69,766936,197.48,
1750187700,196.69,196.83,196.5,196.52,505089,197.46,
1750188600,196.51,196.82,196.27,196.31,653248,197.37,
1750189500,196.31,196.43,195.92,196.12,805088,197.26,
1750190400,196.11,196.12,195.58,195.74,772806,197.14,
1750191300,195.73,195.83,195.21,195.46,689131,197.0,
1750192200,195.48,195.86,195.42,195.69,587916,196.86,
1750193100,195.69,195.87,195.53,195.84,496954,196.74,
1750194000,195.85,195.92,195.49,195.84,525231,196.56,
1750194900,195.84,195.94,195.62,195.83,608860,196.42,
1750195800,195.84,195.89,195.45,195.63,935823,196.24,
1750196700,195.63,195.86,195.44,195.64,2276907,196.1,
1750260600,195.92,196.14,195.07,195.49,2106294,195.97,
1750261500,195.47,196.47,195.27,196.38,1439224,195.94,
1750262400,196.4,197.25,196.21,197.08,1554518,195.97,
1750263300,197.07,197.51,196.98,197.07,1032813,196.01,
1750264200,197.09,197.57,196.97,197.3,922607,196.08,
1750265100,197.3,197.38,197.08,197.25,683535,196.16,
1750266000,197.24,197.3,196.72,196.76,706914,196.23,
1750266900,196.76,197.07,196.63,196.85,648110,196.33,
1750267800,196.87,196.9,196.5,196.7,555227,196.4,
1750268700,196.7,197.22,196.67,196.82,676260,196.47,
1750269600,196.82,197.23,196.76,197.07,360418,196.56,
1750270500,197.08,197.19,196.78,196.95,377039,196.64,
1750271400,196.95,197.02,196.72,196.83,377618,196.73,
1750272300,196.82,196.95,196.42,196.46,536784,196.79,
1750273200,196.45,196.54,196.25,196.46,496138,196.86,
1750274100,196.47,196.58,196.05,196.06,413846,196.83,
1750275000,196.07,196.54,195.8,196.54,520981,196.79,
1750275900,196.54,196.86,196.3,196.5,816142,196.75,
1750276800,196.46,196.98,195.87,196.02,803545,196.66,
1750277700,196.03,196.14,195.63,195.91,647039,196.57,
1750278600,195.91,196.46,195.63,196.32,840860,196.54,
1750279500,196.32,196.32,195.11,195.36,881638,196.43,
1750280400,195.37,196.1,195.14,195.95,1028159,196.38,
1750281300,195.96,196.29,195.6,195.64,880350,196.29,196.63
1750282200,195.63,196.3,195.46,196.29,1142899,196.24,196.63
1750283100,196.28,197.11,196.06,196.24,4995034,196.18,196.62
1750433400,198.12,200.95,197.52,200.6,13758736,196.45,196.68
1750434300,200.59,200.72,199.73,199.84,1934197,196.7,196.72
1750435200,199.84,199.94,198.98,199.56,1349967,196.92,196.76
1750436100,199.55,199.74,198.55,198.68,1144567,197.1,196.79
1750437000,198.69,198.69,197.63,197.79,1386978,197.19,196.79
1750437900,197.8,197.84,197.03,197.28,1111076,197.25,196.79
1750438800,197.26,197.75,196.85,197.66,1635125,197.37,196.77
1750439700,197.67,198.06,197.51,197.68,792195,197.49,196.77
1750440600,197.67,199.0,197.62,198.75,1458485,197.67,196.78
1750441500,198.75,198.81,197.98,198.08,793139,197.86,196.79
1750442400,198.07,198.51,197.9,198.19,451110,198.02,196.81
1750443300,198.17,198.54,197.92,198.49,686524,198.22,196.84
1750444200,198.49,198.83,198.29,198.5,577546,198.38,196.88
1750445100,198.49,198.94,198.33,198.81,1101330,198.57,196.93
1750446000,198.81,199.24,198.52,199.17,564585,198.46,196.98
1750446900,199.18,199.41,198.27,198.32,775110,198.35,197.03
1750447800,198.32,198.66,198.07,198.49,734762,198.28,197.08
1750448700,198.48,199.18,198.36,199.14,1167090,198.31,197.16
1750449600,199.15,199.81,199.11,199.73,919872,198.45,197.24
1750450500,199.71,200.19,199.65,199.81,983668,198.63,197.32
1750451400,199.82,200.17,199.81,199.95,967059,198.79,197.4
1750452300,199.96,200.14,199.65,199.71,1247082,198.94,197.48
1750453200,199.71,200.34,199.62,199.92,1413960,199.02,197.56
1750454100,199.91,200.18,199.6,199.93,1490474,199.15,197.65
1750455000,199.92,200.2,199.77,199.97,1269781,199.28,197.74
1750455900,199.98,201.7,199.94,200.92,6836642,199.46,197.83
1750692600,201.59,201.73,199.94,201.52,3637467,199.67,197.92
1750693500,201.53,201.91,201.21,201.73,1732643,199.88,198.01
1750694400,201.72,202.3,201.53,201.6,1905930,200.05,198.1
1750695300,201.61,201.7,201.17,201.37,1111523,200.27,198.18
1750696200,201.38,201.55,200.91,201.53,967033,200.49,198.27
1750697100,201.54,201.59,200.38,200.46,1083801,200.58,198.35
1750698000,200.47,200.88,200.31,200.59,911932,200.64,198.42
1750698900,200.59,200.79,200.2,200.53,996060,200.7,198.5
1750699800,200.51,200.54,199.51,199.67,1127330,200.68,198.55
1750700700,199.67,200.02,199.61,199.88,826744,200.69,198.61
1750701600,199.88,199.99,199.61,199.96,641964,200.69,198.67
1750702500,199.95,200.52,199.9,200.14,854812,200.7,198.74
1750703400,200.14,200.5,198.96,200.27,1074112,200.73,198.82
1750704300,200.26,200.54,199.61,199.71,693199,200.64,198.89
1750705200,199.72,200.95,199.58,200.48,881777,200.57,198.97
1750706100,200.49,201.52,200.45,201.44,919698,200.54,199.07
1750707000,201.46,201.82,201.3,201.44,892773,200.53,199.18
1750707900,201.44,201.62,201.08,201.23,577582,200.52,199.29
1750708800,201.25,202.07,201.23,202.0,994977,200.56,199.4
1750709700,202.01,202.24,201.66,201.68,795334,200.64,199.53
1750710600,201.67,201.9,201.63,201.68,531570,200.72,199.64
1750711500,201.67,201.71,201.35,201.43,467517,200.79,199.76
1750712400,201.42,201.77,201.3,201.36,706122,200.91,199.86
1750713300,201.37,201.52,201.05,201.36,643040,201.01,199.96
1750714200,201.35,201.48,201.13,201.2,779643,201.1,199.97
1750715100,201.19,201.84,201.15,201.55,2076820,201.2,200.01
1750779000,202.59,202.78,201.44,201.85,3602620,201.32,200.05
1750779900,201.85,201.89,200.22,200.42,2546075,201.37,200.09
1750780800,200.43,201.19,200.2,200.74,1660904,201.38,200.15
1750781700,200.75,201.33,200.65,200.98,1150588,201.35,200.22
1750782600,200.99,201.42,200.9,201.38,790110,201.35,200.29
1750783500,201.38,201.58,200.75,200.98,1055226,201.33,200.36
1750784400,200.98,201.37,200.73,201.2,839347,201.27,200.41
1750785300,201.19,201.46,201.0,201.44,652614,201.26,200.48
1750786200,201.44,202.04,201.2,202.0,967208,201.28,200.55
1750787100,202.0,202.09,201.68,201.91,757191,201.31,200.62
1750788000,201.91,202.48,201.81,202.19,1056148,201.37,200.7
1750788900,202.19,202.57,202.08,202.45,808866,201.45,200.77
1750789800,202.45,203.44,202.43,203.34,1771000,201.6,200.85
1750790700,203.35,203.4,202.29,202.44,1593706,201.67,200.93
1750791600,202.42,202.54,201.99,202.15,783001,201.69,201.01
1750792500,202.16,202.52,201.94,201.96,988696,201.8,201.06
1750793400,201.96,202.29,201.84,202.22,755153,201.9,201.11
1750794300,202.22,202.33,202.04,202.21,698171,201.99,201.16
1750795200,202.21,202.27,201.44,201.49,1084791,202.0,201.19
1750796100,201.5,201.69,201.31,201.57,860829,202.04,201.23
1750797000,201.58,201.84,201.47,201.57,691038,202.07,201.26
1750797900,201.57,201.63,201.3,201.45,831581,202.07,201.29
1750798800,201.45,202.02,201.42,201.75,1353304,202.05,201.33
1750799700,201.75,201.92,201.52,201.53,796490,202.02,201.34
1750800600,201.53,201.6,200.81,200.84,1552663,201.93,201.33
1750801500,200.84,200.94,200.27,200.29,3952273,201.77,201.3
1750865400,201.45,203.67,201.2,202.27,3976994,201.7,201.31
1750866300,202.26,202.8,201.67,201.8,1765445,201.65,201.32
1750867200,201.76,201.78,201.34,201.41,1196957,201.6,201.32
1750868100,201.41,202.45,201.24,202.44,1147888,201.63,201.36
1750869000,202.44,203.18,202.26,203.09,1475391,201.69,201.41
1750869900,203.09,203.1,202.27,202.46,936043,201.71,201.45
1750870800,202.44,202.56,202.15,202.24,689997,201.76,201.5
1750871700,202.25,202.25,201.95,202.1,753124,201.8,201.54
1750872600,202.12,202.17,201.82,201.92,662207,201.83,201.58
1750873500,201.91,202.09,201.84,201.98,429776,201.87,201.62
1750874400,201.99,202.13,201.7,201.8,469069,201.87,201.65
1750875300,201.8,201.93,201.4,201.88,592096,201.89,201.69
1750876200,201.88,201.89,201.68,201.74,394510,201.96,201.72
1750877100,201.76,202.2,201.74,202.06,549444,202.08,201.73
1750878000,202.06,202.09,201.48,201.67,608941,202.04,201.73
1750878900,201.66,201.67,201.09,201.14,507419,201.99,201.73
1750879800,201.15,201.15,200.62,200.92,915891,201.96,201.71
1750880700,200.9,201.28,200.87,201.0,627821,201.86,201.7
1750881600,201.0,201.11,200.85,200.97,409294,201.71,201.68
1750882500,200.97,201.03,200.88,201.02,333093,201.6,201.67
1750883400,201.02,201.5,200.95,201.23,536682,201.53,201.67
1750884300,201.23,201.36,201.04,201.07,355363,201.46,201.67
1750885200,201.07,201.38,201.06,201.29,602646,201.41,201.67
1750886100,201.29,201.38,201.01,201.16,705856,201.35,201.66
1750887000,201.14,201.36,200.88,201.09,966275,201.3,201.64
1750887900,201.08,201.62,201.0,201.6,1875128,201.28,201.67
1750951800,201.44,202.64,199.66,200.02,3562854,201.16,201.65
1750952700,200.02,201.05,199.76,201.0,2063970,201.08,201.65
1750953600,201.02,201.35,200.63,200.68,1291572,201.01,201.64
1750954500,200.68,200.96,199.65,199.74,1627065,200.91,201.62
1750955400,199.74,200.1,199.67,199.85,1293457,200.84,201.59
1750956300,199.85,200.45,199.8,200.28,1101758,200.79,201.57
1750957200,200.3,200.51,199.86,199.95,1002868,200.71,201.52
1750958100,199.94,200.32,199.62,199.69,1233991,200.62,201.48
1750959000,199.69,200.11,199.46,200.04,1170921,200.53,201.44
1750959900,200.03,200.09,199.82,200.0,592674,200.46,201.39
1750960800,200.0,200.54,199.97,200.54,938955,200.4,201.33
1750961700,200.55,200.79,200.1,200.12,825708,200.33,201.29
1750962600,200.14,200.27,199.94,199.94,986037,200.25,201.24
1750963500,199.95,200.11,199.82,199.99,592806,200.13,201.2
1750964400,200.0,200.12,199.85,199.99,803739,200.13,201.16
1750965300,200.0,200.27,199.63,200.24,1083248,200.08,201.12
1750966200,200.25,200.44,199.97,200.24,823184,200.04,201.09
1750967100,200.22,200.71,200.03,200.63,670942,200.11,201.07
1750968000,200.64,200.96,200.43,200.92,967121,200.18,201.06
1750968900,200.92,201.36,200.9,200.98,1314447,200.23,201.05
1750969800,200.99,201.13,200.85,201.02,783177,200.31,201.04
1750970700,201.02,201.15,200.88,201.04,659472,200.41,201.03
1750971600,201.03,201.05,200.8,200.84,623028,200.46,201.03
1750972500,200.84,201.18,200.75,201.18,846185,200.55,201.05
1750973400,201.18,201.56,200.99,201.16,1205372,200.59,201.02
1750974300,201.16,201.56,200.79,200.94,3439738,200.65,201.01
1751038200,201.92,203.22,201.25,202.22,3590437,200.81,201.02
1751039100,202.23,203.14,202.09,202.8,1778891,201.01,201.03
1751040000,202.85,202.99,202.03,202.08,1610533,201.16,201.01
1751040900,202.07,202.2,201.43,201.58,1569642,201.26,200.99
1751041800,201.59,201.96,201.0,201.59,1758966,201.36,200.98
1751042700,201.59,201.6,200.85,201.2,1297821,201.4,200.96
1751043600,201.2,201.44,200.95,201.26,939053,201.42,200.95
1751044500,201.26,201.42,201.11,201.38,711543,201.45,200.94
1751045400,201.4,201.81,201.39,201.75,888612,201.5,200.93
1751046300,201.75,202.05,201.74,201.88,906312,201.56,200.93
1751047200,201.88,202.03,201.57,201.96,857181,201.64,200.94
1751048100,201.97,202.0,201.73,201.99,568718,201.7,200.94
1751049000,201.99,202.13,201.73,201.89,654013,201.75,200.94
1751049900,201.88,202.63,201.83,202.6,1083714,201.87,200.97
1751050800,202.58,202.7,202.26,202.67,911525,201.9,201.01
1751051700,202.69,202.69,202.02,202.1,862139,201.85,201.03
1751052600,202.1,202.13,201.09,201.31,1251150,201.8,201.03
1751053500,201.3,201.52,200.93,201.37,965367,201.78,201.04
1751054400,201.38,201.63,201.19,201.25,842110,201.76,201.04
1751055300,201.25,201.66,201.13,201.44,744092,201.78,201.05
1751056200,201.45,201.53,200.9,201.19,1165688,201.77,201.05
1751057100,201.18,201.27,200.79,200.91,956236,201.74,201.04
1751058000,200.91,201.43,200.84,201.35,1021666,201.71,201.05
1751058900,201.36,201.44,201.1,201.13,926935,201.65,201.04
1751059800,201.13,201.25,200.94,201.03,1094712,201.59,201.06
1751060700,201.03,201.27,200.0,201.1,3748648,201.52,201.06
1751297400,202.06,202.19,200.55,201.08,2979706,201.47,201.07
1751298300,201.09,201.19,200.62,200.76,1338321,201.34,201.09
1751299200,200.75,201.38,200.35,201.08,1638423,201.22,201.11
1751300100,201.07,201.12,200.76,201.01,1007909,201.14,201.13
1751301000,201.0,201.32,200.12,200.16,1469791,201.06,201.13
1751301900,200.16,200.21,199.59,199.97,1890705,200.96,201.14
1751302800,199.97,200.28,199.63,200.07,1233715,200.88,201.14
1751303700,200.08,200.29,199.86,199.97,819643,200.77,201.14
1751304600,199.98,200.16,199.8,200.06,1028304,200.69,201.13
1751305500,200.07,200.23,199.82,200.03,648602,200.63,201.13
1751306400,200.04,200.42,199.99,200.32,604678,200.56,201.13
1751307300,200.31,200.41,200.04,200.31,536552,200.5,201.14
1751308200,200.31,200.48,200.15,200.34,586776,200.45,201.15
1751309100,200.34,200.41,199.84,200.12,1000688,200.38,201.15
1751310000,200.12,200.27,199.95,200.09,952926,200.31,201.14
1751310900,200.09,200.19,199.94,200.16,836244,200.26,201.13
1751311800,200.16,200.33,200.08,200.3,495089,200.21,201.12
1751312700,200.3,200.34,199.9,200.27,668359,200.16,201.11
1751313600,200.28,200.49,200.27,200.42,586387,200.17,201.09
1751314500,200.43,200.83,200.37,200.7,872718,200.23,201.09
1751315400,200.7,200.73,199.26,199.81,1698259,200.21,201.07
1751316300,199.85,202.43,199.53,201.92,4696261,200.35,201.08
1751317200,201.91,205.63,201.88,205.43,7155698,200.73,201.17
1751318100,205.44,207.09,204.4,206.59,8245514,201.2,201.28
1751319000,206.54,207.39,206.13,206.31,5046155,201.63,201.36
1751319900,206.32,206.7,205.05,205.12,6045770,201.97,201.41
1751383800,206.72,208.38,206.14,207.53,8273567,202.48,201.52
1751384700,207.53,209.11,207.48,209.08,5011766,203.12,201.67
1751385600,209.06,209.68,208.56,209.66,3509933,203.81,201.83
1751386500,209.66,209.83,208.42,209.54,3156055,204.48,202.0
1751387400,209.55,209.9,207.92,208.47,3085096,205.06,202.14
1751388300,208.49,209.0,207.47,208.96,2327680,205.68,202.29
1751389200,208.96,210.19,208.05,208.68,3741617,206.27,202.43
1751390100,208.67,208.88,207.77,207.95,1765559,206.79,202.55
1751391000,207.96,208.13,206.79,207.09,1903966,207.31,202.65
1751391900,207.12,207.64,207.06,207.3,1142171,207.69,202.76
1751392800,207.3,207.91,207.17,207.87,1006983,207.87,202.88
1751393700,207.87,208.19,207.54,207.87,1343218,207.96,202.98
1751394600,207.87,208.53,207.62,208.28,1481476,208.1,203.1
1751395500,208.28,208.29,207.14,207.18,1178554,208.25,203.2
1751396400,207.18,207.74,207.09,207.73,984841,208.26,203.33
1751397300,207.73,208.14,207.55,208.09,844386,208.19,203.46
1751398200,208.09,208.33,207.61,208.29,881444,208.09,203.6
1751399100,208.28,208.37,207.95,208.15,955719,207.99,203.74
1751400000,208.15,208.35,207.88,207.99,818052,207.96,203.87
1751400900,207.99,208.42,207.89,208.22,780091,207.91,204.02
1751401800,208.21,208.43,207.96,208.1,724010,207.86,204.15
1751402700,208.09,208.24,207.85,208.01,652871,207.87,204.29
1751403600,208.02,208.02,207.37,207.91,1158859,207.93,204.43
1751404500,207.91,208.35,207.78,208.19,1093744,207.99,204.57
1751405400,208.19,208.23,207.51,207.77,1089423,207.98,204.7
1751406300,207.79,208.05,207.62,207.86,2763182,207.98,204.85
1751470200,208.99,211.83,208.14,211.43,7069307,208.21,205.05
1751471100,211.42,213.34,211.4,212.62,5708837,208.6,205.29
1751472000,212.63,212.76,211.52,212.39,3414316,208.93,205.53
1751472900,212.39,212.97,211.27,212.3,2799555,209.23,205.78
1751473800,212.28,212.7,211.9,212.2,2014254,209.51,206.02
1751474700,212.2,212.85,211.46,211.91,1802661,209.78,206.26
1751475600,211.92,212.5,211.8,212.46,1421987,210.1,206.51
1751476500,212.46,212.59,211.42,211.48,1426910,210.33,206.74
1751477400,211.48,212.02,211.25,211.28,1346338,210.56,206.95
1751478300,211.28,211.69,211.23,211.55,967656,210.81,207.18
1751479200,211.56,211.57,210.86,211.12,1220800,211.04,207.4
1751480100,211.13,211.92,210.87,210.92,1357044,211.24,207.61
1751481000,210.92,210.99,210.23,210.27,1110319,211.41,207.81
1751481900,210.28,211.25,210.22,211.11,1175363,211.65,208.03
1751482800,211.1,211.35,210.7,210.79,872098,211.6,208.24
1751483700,210.79,210.98,210.43,210.81,832851,211.47,208.45
1751484600,210.81,211.09,210.74,211.0,593847,211.37,208.67
1751485500,211.0,211.72,210.9,211.61,989564,211.32,208.88
1751486400,211.61,211.69,211.16,211.43,707237,211.27,209.12
1751487300,211.43,211.77,211.27,211.58,534958,211.24,209.31
1751488200,211.58,211.68,211.37,211.51,818772,211.18,209.43
1751489100,211.52,212.5,211.46,212.27,1418866,211.23,209.54
1751490000,212.27,212.96,212.15,212.28,2011701,211.3,209.66
1751490900,212.29,212.6,211.84,211.95,1264631,211.33,209.8
1751491800,211.94,212.35,211.93,212.03,1371032,211.4,209.89
1751492700,212.03,212.75,211.98,212.41,3458889,211.5,209.96
1751556600,212.07,212.9,211.81,212.77,3053372,211.68,210.02
1751557500,212.75,213.79,212.75,213.33,2615171,211.84,210.1
1751558400,213.33,213.86,213.23,213.34,1860113,212.02,210.19
1751559300,213.35,213.78,213.23,213.74,1104744,212.23,210.29
1751560200,213.74,214.41,213.74,214.01,2279233,212.45,210.4
1751561100,213.99,214.02,213.04,213.96,1714442,212.61,210.52
1751562000,213.97,214.22,213.87,214.08,1085590,212.8,210.66
1751562900,214.08,214.46,213.84,213.88,1260635,212.97,210.79
1751563800,213.89,214.61,213.67,214.61,1188191,213.19,210.92
1751564700,214.61,214.65,214.21,214.33,1013635,213.34,211.05
1751565600,214.34,214.5,214.05,214.19,747313,213.47,211.17
1751566500,214.19,214.5,213.95,214.1,1040709,213.63,211.31
1751567400,214.1,214.14,213.77,213.84,838989,213.76,211.43
1751568300,213.85,213.93,213.33,213.59,2104774,213.84,211.54
1751902200,212.72,216.23,212.64,213.26,4995503,213.88,211.64
1751903100,213.26,213.39,212.47,212.94,1779541,213.85,211.73
1751904000,212.93,213.12,212.0,212.28,1432841,213.77,211.82
1751904900,212.29,212.75,211.81,212.37,1425316,213.67,211.9
1751905800,212.37,212.38,211.83,211.97,828796,213.53,211.98
1751906700,211.97,212.34,211.6,212.11,1061453,213.4,212.06
1751907600,212.12,212.43,211.86,212.28,760417,213.27,212.15
1751908500,212.28,212.6,211.9,212.04,770243,213.14,212.23
1751909400,212.03,212.16,211.79,211.8,669197,212.94,212.31
1751910300,211.78,212.06,211.53,211.75,732762,212.75,212.39
1751911200,211.74,212.1,211.74,211.99,493253,212.59,212.4
1751912100,212.01,212.22,210.38,210.84,1724595,212.36,212.36
1751913000,210.84,211.17,210.26,210.34,961078,212.11,212.32
1751913900,210.34,210.76,209.93,210.64,1159957,211.9,212.29
1751914800,210.64,210.8,210.06,210.28,786991,211.69,212.25
1751915700,210.28,210.46,209.52,209.67,898462,211.45,212.2
1751916600,209.67,210.5,209.55,209.67,882127,211.27,212.15
1751917500,209.69,210.09,209.67,210.05,588919,211.1,212.12
1751918400,210.06,210.21,209.71,209.93,626692,210.96,212.09
1751919300,209.93,210.0,208.91,208.94,1114087,210.73,212.04
1751920200,208.94,209.42,208.8,209.28,961663,210.52,212.0
1751921100,209.28,209.78,209.27,209.76,785532,210.35,211.98
1751922000,209.77,210.07,209.54,209.72,823867,210.2,211.97
1751922900,209.73,209.78,209.34,209.45,778859,210.04,211.94
1751923800,209.46,209.56,209.19,209.45,892338,209.86,211.91
1751924700,209.45,210.25,209.3,209.94,2660297,209.79,211.89
1751988600,210.1,210.49,208.48,209.02,2995702,209.7,211.85
1751989500,209.02,209.5,208.54,208.66,1481168,209.56,211.79
1751990400,208.65,209.59,208.45,208.91,1542026,209.46,211.74
1751991300,208.91,209.68,208.9,209.28,797421,209.43,211.7
1751992200,209.28,210.32,209.26,210.22,991916,209.47,211.67
1751993100,210.22,210.83,209.71,210.73,1377666,209.52,211.64
1751994000,210.73,211.43,210.71,211.33,1112241,209.62,211.62
1751994900,211.33,211.37,209.78,209.87,1083835,209.69,211.58
1751995800,209.88,210.09,209.78,209.93,745791,209.73,211.54
1751996700,209.93,210.65,209.92,210.55,913317,209.79,211.5
1751997600,210.56,211.07,210.46,210.95,686848,209.88,211.46
1751998500,210.97,211.19,210.82,210.83,555124,209.98,211.41
1751999400,210.84,210.89,210.26,210.57,641869,210.06,211.36
1752000300,210.57,210.74,210.31,210.38,708401,210.09,211.29
1752001200,210.37,210.44,209.8,209.81,745885,210.14,211.21
1752002100,209.82,209.99,209.5,209.84,796809,210.23,211.12
1752003000,209.84,209.94,209.41,209.54,483426,210.27,211.03
1752003900,209.53,209.88,209.32,209.85,601361,210.31,210.95
1752004800,209.81,210.26,209.72,209.97,577846,210.3,210.86
1752005700,209.97,210.19,209.84,209.95,395786,210.24,210.77
1752006600,209.95,210.05,209.68,209.69,411498,210.12,210.68
1752007500,209.69,209.91,209.56,209.7,405591,210.11,210.6
1752008400,209.7,209.73,209.43,209.49,527773,210.08,210.51
1752009300,209.49,209.66,209.4,209.61,528766,210.01,210.43
1752010200,209.6,209.7,209.3,209.52,722290,209.91,210.35
1752011100,209.52,210.81,209.47,210.03,2786051,209.85,210.3
1752075000,209.53,210.9,209.35,209.9,2831526,209.81,210.25
1752075900,209.89,210.34,209.57,209.86,1514189,209.77,210.2
1752076800,209.88,210.5,209.72,209.99,1401511,209.78,210.16
1752077700,209.98,210.26,209.58,209.91,953990,209.79,210.11
1752078600,209.91,209.91,208.76,208.85,1632510,209.74,210.05
1752079500,208.87,208.98,207.45,207.65,1779596,209.58,209.96
1752080400,207.64,207.76,207.31,207.59,1623230,209.41,209.87
1752081300,207.59,207.95,207.22,207.81,1473708,209.26,209.79
1752082200,207.81,207.98,207.51,207.89,899110,209.13,209.71
1752083100,207.88,207.89,207.26,207.73,1009545,208.99,209.65
1752084000,207.74,208.22,207.53,207.63,1142314,208.86,209.6
1752084900,207.62,207.94,207.55,207.81,576260,208.73,209.54
1752085800,207.81,207.9,207.57,207.84,552137,208.61,209.49
1752086700,207.83,208.45,207.78,208.21,775427,208.48,209.46
1752087600,208.21,208.72,207.97,208.47,734724,208.37,209.44
1752088500,208.46,209.05,208.39,208.92,906215,208.31,209.42
1752089400,208.92,209.06,208.72,208.94,704891,208.23,209.4
1752090300,208.95,209.38,208.93,209.24,707851,208.18,209.4
1752091200,209.21,209.98,209.15,209.93,974893,208.26,209.41
1752092100,209.92,209.93,209.55,209.73,697775,208.41,209.41
1752093000,209.74,209.89,209.62,209.66,508045,208.56,209.41
1752093900,209.65,210.06,209.64,209.94,798178,208.71,209.42
1752094800,209.94,210.19,209.64,209.81,870879,208.85,209.43
1752095700,209.82,210.0,209.7,209.89,655105,209.0,209.43
1752096600,209.88,210.33,209.73,210.3,865077,209.19,209.45
1752097500,210.29,211.33,210.19,211.1,4042999,209.43,209.5
1752161400,210.44,211.14,210.03,210.59,2434123,209.62,209.54
1752162300,210.59,211.29,210.5,211.28,1483460,209.84,209.58
1752163200,211.27,211.85,210.71,211.4,1697932,210.05,209.6
1752164100,211.4,212.3,211.33,212.01,1552200,210.27,209.63
1752165000,212.02,213.47,211.9,213.36,2753430,210.59,209.67
1752165900,213.36,213.48,212.03,212.36,1922151,210.81,209.72
1752166800,212.37,213.0,212.31,212.95,1011085,211.03,209.78
1752167700,212.96,213.32,212.85,212.99,1448085,211.26,209.83
1752168600,212.99,213.14,212.44,213.09,877634,211.5,209.87
1752169500,213.11,213.18,212.23,212.39,978162,211.68,209.9
1752170400,212.38,212.4,211.83,212.03,810721,211.84,209.93
1752171300,212.03,212.21,211.92,212.08,964638,211.99,209.96
1752172200,212.07,212.36,211.85,212.28,864225,212.14,210.01
1752173100,212.28,212.3,211.96,212.02,534507,212.2,210.06
1752174000,212.02,212.23,211.93,212.13,547470,212.31,210.11
1752174900,212.13,212.78,212.0,212.62,726973,212.41,210.16
1752175800,212.61,213.16,212.55,212.61,887942,212.49,210.22
1752176700,212.61,212.67,212.37,212.37,395240,212.52,210.26
1752177600,212.39,212.65,212.31,212.5,443325,212.46,210.32
1752178500,212.51,213.0,212.47,212.6,586128,212.48,210.38
1752179400,212.59,212.98,212.57,212.74,421800,212.46,210.44
1752180300,212.74,213.15,212.72,212.94,647366,212.46,210.51
1752181200,212.92,213.44,212.68,212.81,783383,212.44,210.58
1752182100,212.82,212.96,212.57,212.58,640690,212.45,210.63
1752183000,212.58,213.02,212.54,212.88,769761,212.51,210.69
1752183900,212.88,212.97,212.05,212.44,2196578,212.54,210.74
1752247800,210.43,211.03,209.86,210.19,3008811,212.39,210.74
1752248700,210.18,211.13,209.86,210.99,1328495,212.31,210.76
1752249600,210.99,211.78,210.88,211.7,1193633,212.28,210.82
1752250500,211.7,212.13,211.48,211.79,1084051,212.22,210.9
1752251400,211.79,211.79,211.03,211.17,802867,212.12,210.97
1752252300,211.16,211.31,210.8,210.96,809273,212.02,211.04
1752253200,210.95,211.15,210.62,210.63,729697,211.89,211.09
1752254100,210.63,211.06,210.48,210.83,849391,211.76,211.15
1752255000,210.83,211.21,210.66,211.13,794462,211.65,211.22
1752255900,211.13,211.16,210.42,210.67,850673,211.48,211.28
1752256800,210.68,210.96,210.66,210.84,504554,211.34,211.34
1752257700,210.85,211.06,210.59,210.63,517962,211.2,211.39
1752258600,210.62,210.69,210.45,210.54,594094,211.04,211.43
1752259500,210.53,211.08,210.49,211.02,587581,210.93,211.47
1752260400,211.01,211.29,210.9,211.04,575122,211.0,211.52
1752261300,211.05,211.23,211.0,211.17,453830,211.01,211.55
1752262200,211.16,211.22,210.95,211.16,369401,210.97,211.58
1752263100,211.16,211.24,211.08,211.21,305243,210.93,211.61
1752264000,211.2,211.66,211.18,211.35,626401,210.94,211.64
1752264900,211.35,211.55,211.29,211.41,544848,210.97,211.67
1752265800,211.41,211.52,211.3,211.41,343676,211.03,211.7
1752266700,211.4,211.47,211.03,211.14,348714,211.05,211.73
1752267600,211.13,211.14,210.62,210.98,609714,211.04,211.74
1752268500,210.99,211.3,210.96,211.16,468104,211.08,211.74
1752269400,211.16,211.23,211.02,211.09,537310,211.09,211.75
1752270300,211.08,211.41,211.01,211.08,2720377,211.13,211.75
1752507000,209.93,210.91,208.24,208.26,3149738,210.96,211.69
1752507900,208.26,208.57,207.67,207.89,2434189,210.74,211.6
1752508800,207.9,208.42,207.54,208.39,1859259,210.55,211.5
1752509700,208.39,208.78,207.97,208.03,1127092,210.33,211.42
1752510600,208.02,208.61,207.82,208.47,933868,210.13,211.33
1752511500,208.46,208.76,208.18,208.49,775636,209.94,211.24
1752512400,208.48,208.9,208.38,208.51,760550,209.74,211.15
1752513300,208.52,208.78,208.2,208.77,702442,209.55,211.07
1752514200,208.77,209.15,208.57,208.87,961265,209.37,211.01
1752515100,208.88,208.93,208.56,208.84,770819,209.2,210.95
1752516000,208.83,209.18,208.77,208.94,527110,209.06,210.88
1752516900,208.93,209.09,208.68,208.84,462882,208.89,210.82
1752517800,208.85,209.15,208.79,208.96,455635,208.74,210.75
1752518700,208.95,209.25,208.89,208.9,402038,208.58,210.68
1752519600,208.89,209.01,208.76,208.93,427652,208.63,210.6
1752520500,208.93,209.33,208.9,209.0,636743,208.71,210.54
1752521400,209.01,209.27,209.01,209.19,398376,208.77,210.47
1752522300,209.18,209.3,209.05,209.16,488707,208.85,210.4
1752523200,209.16,209.45,209.09,209.2,481018,208.9,210.33
1752524100,209.21,209.29,208.96,209.0,471361,208.94,210.25
1752525000,209.0,209.34,208.99,209.3,426849,208.99,210.18
1752525900,209.3,209.41,209.15,209.31,449729,209.03,210.12
1752526800,209.31,209.36,208.87,209.17,769606,209.05,210.04
1752527700,209.18,209.36,209.02,209.2,804976,209.08,209.98
1752528600,209.17,209.2,208.58,208.69,790672,209.06,209.95
1752529500,208.69,208.9,208.52,208.54,2468355,209.04,209.9
1752593400,209.22,211.13,208.92,210.66,3643419,209.16,209.88
1752594300,210.67,210.69,209.39,209.65,1536331,209.21,209.84
1752595200,209.65,210.17,209.34,210.03,1124145,209.29,209.81
1752596100,210.02,210.3,209.69,210.16,899250,209.38,209.8
1752597000,210.14,210.18,209.5,209.86,839628,209.42,209.78
1752597900,209.83,210.08,209.19,209.35,836808,209.44,209.75
1752598800,209.35,210.57,209.26,210.21,1109487,209.51,209.73
1752599700,210.21,211.43,210.0,211.42,1261399,209.68,209.75
1752600600,211.43,211.89,211.04,211.55,1403079,209.84,209.76
1752601500,211.56,211.75,210.73,210.79,941935,209.95,209.77
1752602400,210.79,210.91,210.37,210.56,783857,210.05,209.77
1752603300,210.54,210.8,210.36,210.69,433445,210.15,209.76
1752604200,210.7,210.99,210.45,210.55,390073,210.29,209.75
1752605100,210.55,210.93,210.38,210.58,429568,210.43,209.74
1752606000,210.56,211.07,210.52,210.61,418699,210.43,209.73
1752606900,210.61,210.76,210.44,210.67,319465,210.5,209.72
1752607800,210.69,211.11,210.66,210.98,379493,210.57,209.71
1752608700,210.99,211.35,210.91,211.28,482299,210.65,209.71
1752609600,211.27,211.64,211.2,211.59,532365,210.77,209.71
1752610500,211.59,211.67,211.29,211.38,519953,210.92,209.71
1752611400,211.39,211.48,210.99,211.03,640223,210.98,209.72
1752612300,211.02,211.04,210.43,210.51,567294,210.91,209.7
1752613200,210.52,210.69,210.4,210.54,475437,210.84,209.69
1752614100,210.55,210.6,209.96,210.18,896753,210.8,209.67
1752615000,210.19,210.29,209.43,209.8,1038980,210.74,209.7
1752615900,209.8,209.94,208.98,209.01,1935890,210.62,209.73
1752679800,210.3,211.21,210.19,210.93,2506344,210.65,209.78
1752680700,210.93,211.09,209.91,211.07,1611774,210.68,209.84
1752681600,211.05,211.49,210.6,211.44,1390382,210.74,209.9
1752682500,211.43,212.4,211.37,212.09,2167273,210.84,209.97
1752683400,212.1,212.19,210.97,211.02,1273891,210.85,210.02
1752684300,211.01,211.27,210.48,210.78,1336104,210.81,210.06
1752685200,210.8,210.99,210.55,210.83,848763,210.76,210.1
1752686100,210.82,210.86,209.29,210.12,1796627,210.67,210.12
1752687000,210.15,210.15,208.64,209.64,1813566,210.57,210.14
1752687900,209.67,210.5,209.48,209.83,1103161,210.52,210.16
1752688800,209.85,210.06,209.55,209.71,720567,210.46,210.17
1752689700,209.7,209.89,209.49,209.59,450844,210.42,210.19
1752690600,209.6,210.02,209.6,209.74,448962,210.41,210.2
1752691500,209.74,210.43,209.37,210.39,616444,210.51,210.23
1752692400,210.4,210.95,210.36,210.69,778699,210.5,210.26
1752693300,210.69,210.82,210.34,210.35,458167,210.44,210.29
1752694200,210.34,210.64,210.26,210.37,394925,210.37,210.31
1752695100,210.36,210.48,210.19,210.27,447051,210.24,210.33
1752696000,210.26,210.29,209.9,210.12,495059,210.17,210.35
1752696900,210.14,210.2,209.87,210.03,404347,210.12,210.36
1752697800,210.03,210.33,210.03,210.32,316484,210.08,210.39
1752698700,210.31,210.47,210.07,210.46,374597,210.11,210.41
1752699600,210.46,210.59,210.23,210.3,408413,210.16,210.45
1752700500,210.3,210.37,210.11,210.33,434985,210.19,210.48
1752701400,210.32,210.64,210.22,210.45,579661,210.24,210.48
1752702300,210.45,210.59,209.97,210.15,2882127,210.28,210.49
1752766200,210.72,211.01,210.06,210.45,2485560,210.33,210.5
1752767100,210.45,210.77,209.97,210.28,1329438,210.33,210.5
1752768000,210.27,210.6,209.71,209.81,1266253,210.26,210.5
1752768900,209.81,210.13,209.59,209.95,1107651,210.24,210.51
1752769800,209.94,210.21,209.77,210.0,851933,210.21,210.5
1752770700,210.01,210.27,209.94,210.18,699612,210.2,210.48
1752771600,210.18,210.83,210.08,210.6,1046430,210.24,210.46
1752772500,210.58,210.66,210.36,210.44,808124,210.27,210.45
1752773400,210.45,210.51,210.11,210.13,888800,210.25,210.45
1752774300,210.12,210.69,210.1,210.65,847171,210.27,210.44
1752775200,210.66,211.12,210.53,210.94,1321732,210.31,210.45
1752776100,210.95,211.45,210.88,211.39,1417233,210.39,210.47
1752777000,211.38,211.51,211.1,211.22,929249,210.44,210.48
1752777900,211.23,211.44,210.94,211.02,765364,210.5,210.49
1752778800,211.01,211.16,210.95,211.03,556476,210.55,210.49
1752779700,211.03,211.07,210.79,210.95,591537,210.59,210.48
1752780600,210.95,211.37,210.9,211.22,765318,210.69,210.47
1752781500,211.24,211.5,211.16,211.49,620218,210.8,210.48
1752782400,211.49,211.8,211.14,211.35,917036,210.9,210.48
1752783300,211.35,211.7,211.09,211.28,1261688,210.98,210.5
1752784200,211.28,211.28,210.96,211.0,711558,211.01,210.51
1752785100,211.0,211.07,210.87,210.94,680339,211.04,210.52
1752786000,210.94,211.06,210.78,210.83,825102,211.09,210.54
1752786900,210.83,211.07,210.82,211.0,834036,211.12,210.58
1752787800,211.0,211.05,210.68,210.71,776674,211.1,210.58
1752788700,210.72,210.75,209.74,210.06,4524468,211.01,210.56
1752852600,210.66,211.01,209.89,210.04,6317226,210.92,210.53
1752853500,210.04,210.51,209.89,210.32,1459920,210.87,210.5
1752854400,210.38,210.62,209.7,210.09,1215417,210.81,210.48
1752855300,210.1,210.33,209.89,209.95,968948,210.73,210.46
1752856200,209.96,210.5,209.77,210.31,1070369,210.67,210.45
1752857100,210.32,211.01,210.26,210.47,1150746,210.6,210.46
1752858000,210.51,211.0,210.42,210.75,825948,210.55,210.48
1752858900,210.75,210.9,210.42,210.85,701777,210.52,210.5
1752859800,210.86,211.01,210.69,210.96,710562,210.52,210.52
1752860700,210.97,211.1,210.92,211.08,704825,210.53,210.55
1752861600,211.07,211.13,210.9,210.95,488941,210.54,210.58
1752862500,210.93,211.11,210.67,211.01,779720,210.54,210.59
1752863400,211.01,211.76,210.88,211.66,1001044,210.61,210.61
1752864300,211.65,211.79,211.19,211.32,831106,210.7,210.63
1752865200,211.32,211.42,211.04,211.24,582558,210.78,210.65
1752866100,211.25,211.43,211.1,211.19,486741,210.84,210.67
1752867000,211.18,211.54,211.01,211.33,657665,210.93,210.69
1752867900,211.33,211.44,210.97,211.09,548015,211.02,210.71
1752868800,211.1,211.26,210.87,210.93,676673,211.06,210.72
1752869700,210.93,210.98,210.76,210.94,399126,211.09,210.73
1752870600,210.93,211.06,210.86,211.01,346001,211.11,210.75
1752871500,211.01,211.05,210.79,210.97,485172,211.12,210.76
1752872400,210.96,211.05,210.87,211.02,412846,211.12,210.77
1752873300,211.02,211.2,210.89,210.95,687706,211.11,210.79
1752874200,210.94,211.07,210.83,210.95,805260,211.12,210.8
1752875100,210.96,211.35,209.94,211.22,2394624,211.13,210.82
1753111800,212.14,214.87,211.63,214.67,5640247,211.34,210.91
1753112700,214.68,215.78,213.96,214.0,4131169,211.54,210.99
1753113600,214.01,214.76,214.01,214.74,1994864,211.79,211.09
1753114500,214.71,215.19,214.13,214.65,1970545,212.03,211.18
1753115400,214.64,214.71,213.57,213.8,1917418,212.21,211.24
1753116300,213.79,213.87,213.28,213.41,1533366,212.38,211.3
1753117200,213.41,213.41,212.87,213.12,1402788,212.53,211.36
1753118100,213.12,213.65,213.11,213.47,1032686,212.71,211.42
1753119000,213.46,213.67,213.16,213.44,721236,212.89,211.47
1753119900,213.44,213.71,213.26,213.4,625445,213.06,211.51
1753120800,213.39,213.48,213.17,213.42,433984,213.23,211.55
1753121700,213.41,213.58,213.27,213.31,498517,213.4,211.6
1753122600,213.31,213.43,213.14,213.25,530775,213.56,211.64
1753123500,213.24,213.86,213.23,213.56,756349,213.73,211.69
1753124400,213.55,213.7,213.41,213.43,485559,213.64,211.74
1753125300,213.43,213.73,213.41,213.67,408803,213.62,211.78
1753126200,213.66,213.71,213.11,213.31,756902,213.52,211.82
1753127100,213.32,213.42,212.88,212.91,556753,213.39,211.85
1753128000,212.91,213.03,212.5,213.0,920684,213.34,211.89
1753128900,213.0,213.27,212.95,213.26,521567,213.32,211.94
1753129800,213.27,213.43,213.17,213.27,424031,213.34,211.99
1753130700,213.27,213.29,213.0,213.05,540646,213.31,212.03
1753131600,213.07,213.11,212.51,212.7,612362,213.25,212.07
1753132500,212.7,212.82,212.54,212.58,571898,213.19,212.12
1753133400,212.58,212.72,212.29,212.35,741323,213.12,212.17
1753134300,212.36,212.56,212.06,212.54,2145617,213.06,212.21
1753198200,213.29,214.03,212.23,213.26,2794483,213.06,212.27
1753199100,213.27,213.7,212.28,213.58,2776974,213.06,212.35
1753200000,213.58,213.77,212.68,213.09,1593001,213.04,212.4
1753200900,213.1,213.68,213.08,213.28,1069492,213.01,212.46
1753201800,213.25,213.62,213.14,213.16,895441,213.0,212.51
1753202700,213.18,213.27,212.72,213.21,1269944,213.02,212.55
1753203600,213.21,213.47,213.16,213.22,596920,213.04,212.6
1753204500,213.23,213.69,213.0,213.47,700128,213.05,212.65
1753205400,213.47,213.83,212.85,212.87,1595967,213.03,212.69
1753206300,212.89,213.29,212.76,213.27,1189818,213.04,212.73
1753207200,213.27,213.74,213.19,213.51,833800,213.1,212.77
1753208100,213.51,213.62,212.97,213.28,951784,213.15,212.81
1753209000,213.25,213.47,212.84,213.08,657646,213.2,212.84
1753209900,213.08,213.54,213.02,213.41,653941,213.26,212.89
1753210800,213.4,213.85,213.37,213.67,636362,213.29,212.94
1753211700,213.67,214.48,213.67,214.41,1063363,213.35,213.0
1753212600,214.4,214.43,213.72,213.9,876507,213.41,213.06
1753213500,213.91,214.15,213.79,213.86,580355,213.45,213.12
1753214400,213.86,214.06,213.75,213.92,514870,213.51,213.18
1753215300,213.92,213.95,213.44,213.71,716706,213.54,213.23
1753216200,213.72,214.21,213.71,214.02,547453,213.6,213.29
1753217100,214.02,214.19,213.85,214.17,490933,213.65,213.36
1753218000,214.15,214.42,214.07,214.31,831772,213.75,213.42
1753218900,214.31,214.33,213.82,214.19,898345,213.82,213.48
1753219800,214.18,214.36,214.08,214.14,674872,213.86,213.47
1753220700,214.14,214.95,213.93,214.39,3023864,213.94,213.48
1753284600,215.09,215.15,213.26,213.54,3751359,213.97,213.46
1753285500,213.55,213.57,212.42,212.56,2425954,213.91,213.41
1753286400,212.56,213.16,212.41,212.59,2057762,213.84,213.39
1753287300,212.61,213.13,212.59,212.94,1114292,213.73,213.38
1753288200,212.95,213.07,212.5,212.6,1007515,213.64,213.37
1753289100,212.6,212.84,212.54,212.66,824699,213.55,213.35
1753290000,212.68,212.98,212.65,212.72,869214,213.47,213.34
1753290900,212.71,213.17,212.66,213.15,1015437,213.43,213.34
1753291800,213.15,213.18,212.65,212.94,824301,213.35,213.33
1753292700,212.94,213.82,212.91,213.36,1237785,213.29,213.33
1753293600,213.36,213.67,213.21,213.39,679937,213.23,213.33
1753294500,213.38,213.72,213.21,213.5,949575,213.18,213.33
1753295400,213.5,213.63,213.41,213.48,388399,213.13,213.33
1753296300,213.5,213.63,213.36,213.6,453027,213.07,213.33
1753297200,213.59,213.87,213.51,213.78,429632,213.09,213.34
1753298100,213.8,214.23,213.72,214.13,781766,213.2,213.36
1753299000,214.12,214.64,214.07,214.63,1075569,213.35,213.39
1753299900,214.63,214.63,214.21,214.46,853013,213.46,213.42
1753300800,214.47,214.58,214.25,214.53,677761,213.6,213.44
1753301700,214.54,214.59,214.29,214.41,635162,213.72,213.47
1753302600,214.41,214.57,214.32,214.54,574361,213.85,213.51
1753303500,214.53,214.7,214.41,214.56,683840,213.95,213.55
1753304400,214.57,214.63,214.11,214.15,654136,214.04,213.58
1753305300,214.15,214.25,213.94,214.14,792379,214.09,213.61
1753306200,214.15,214.19,213.83,213.96,808996,214.13,213.63
1753307100,213.97,214.31,213.61,214.31,2466088,214.19,213.64
1753371000,213.9,215.69,213.69,214.79,3577075,214.29,213.68
1753371900,214.8,214.88,213.53,213.83,1670273,214.3,213.69
1753372800,213.84,214.67,213.56,214.43,1552674,214.35,213.71
1753373700,214.45,214.83,214.24,214.46,982485,214.37,213.74
1753374600,214.45,214.65,214.18,214.22,818683,214.34,213.76
1753375500,214.22,214.56,214.05,214.32,1265116,214.33,213.78
1753376400,214.32,214.86,214.31,214.86,841062,214.36,213.82
1753377300,214.85,215.35,214.64,215.26,1926687,214.42,213.86
1753378200,215.26,215.5,214.86,214.93,1243124,214.44,213.88
1753379100,214.92,215.1,214.47,214.9,1220428,214.47,213.92
1753380000,214.89,214.89,214.22,214.24,769972,214.48,213.94
1753380900,214.24,214.57,214.2,214.34,624252,214.49,213.96
1753381800,214.34,214.59,214.28,214.58,637920,214.53,213.98
1753382700,214.58,214.8,214.46,214.68,528686,214.56,213.98
1753383600,214.67,215.16,214.6,215.1,696193,214.58,214.01
1753384500,215.11,215.2,214.79,214.79,464342,214.65,214.02
1753385400,214.79,214.92,214.56,214.66,447424,214.67,214.04
1753386300,214.66,214.72,214.56,214.68,301002,214.68,214.06
1753387200,214.68,215.21,214.68,214.93,699081,214.73,214.08
1753388100,214.94,214.97,214.68,214.74,487045,214.76,214.09
1753389000,214.74,214.86,214.47,214.56,515157,214.74,214.09
1753389900,214.56,214.57,214.33,214.53,607228,214.69,214.1
1753390800,214.52,214.78,214.43,214.72,550597,214.68,214.11
1753391700,214.73,215.02,214.69,214.81,729429,214.67,214.12
1753392600,214.81,214.94,214.63,214.74,612105,214.7,214.14
1753393500,214.73,214.75,213.72,213.76,3922532,214.66,214.17
1753457400,214.64,214.86,213.8,213.95,2207772,214.62,214.2
1753458300,213.95,214.52,213.93,214.09,1415971,214.58,214.22
1753459200,214.09,214.43,213.73,214.2,1329867,214.51,214.25
1753460100,214.19,214.65,214.09,214.59,1340796,214.5,214.29
1753461000,214.59,215.24,214.53,214.67,1592020,214.5,214.33
1753461900,214.67,214.76,214.41,214.73,783826,214.5,214.36
1753462800,214.73,214.78,214.35,214.49,666162,214.47,214.39
1753463700,214.49,214.68,214.21,214.51,871156,214.45,214.41
1753464600,214.5,214.64,214.15,214.21,613485,214.43,214.43
1753465500,214.2,214.47,214.09,214.24,570338,214.41,214.44
1753466400,214.23,214.54,214.05,214.43,616289,214.39,214.46
1753467300,214.44,214.62,214.34,214.39,448523,214.36,214.48
1753468200,214.39,214.52,214.35,214.49,431456,214.34,214.49
1753469100,214.49,214.59,214.32,214.41,521087,214.39,214.5
1753470000,214.4,214.41,214.16,214.24,464443,214.41,214.49
1753470900,214.25,214.28,214.04,214.17,597574,214.41,214.49
1753471800,214.17,214.51,214.02,214.09,685325,214.4,214.48
1753472700,214.09,214.22,213.92,213.99,766712,214.36,214.47
1753473600,214.0,214.17,213.9,214.03,469469,214.32,214.46
1753474500,214.02,214.04,213.82,213.89,401532,214.26,214.44
1753475400,213.89,214.01,213.79,213.89,491617,214.21,214.44
1753476300,213.89,213.96,213.7,213.79,542884,214.16,214.43
1753477200,213.79,213.9,213.7,213.71,536301,214.13,214.43
1753478100,213.72,213.83,213.4,213.5,710414,214.07,214.41
1753479000,213.51,213.72,213.49,213.61,755591,214.01,214.39
1753479900,213.61,214.0,213.59,213.96,2606164,213.98,214.39
1753716600,214.0,214.67,213.58,213.8,2293316,213.93,214.38
1753717500,213.79,214.22,213.72,213.9,1243012,213.9,214.37
1753718400,213.93,214.69,213.86,214.62,1370495,213.92,214.37
1753719300,214.62,214.74,214.35,214.52,980161,213.95,214.38
1753720200,214.53,214.85,214.46,214.5,1030976,213.98,214.37
1753721100,214.49,214.56,214.39,214.42,561311,214.01,214.35
1753722000,214.44,214.54,214.22,214.52,604736,214.04,214.35
1753722900,214.51,214.55,214.12,214.44,734086,214.08,214.34
1753723800,214.44,214.6,214.35,214.42,600177,214.12,214.34
1753724700,214.43,214.55,214.4,214.43,443423,214.17,214.34
1753725600,214.44,214.54,214.29,214.5,464195,214.22,214.34
1753726500,214.5,214.75,214.45,214.54,512200,214.3,214.34
1753727400,214.53,214.58,214.22,214.36,504463,214.35,214.32
1753728300,214.36,214.4,214.22,214.33,309888,214.38,214.31
1753729200,214.34,214.45,213.98,214.04,544356,214.4,214.3
1753730100,214.04,214.04,213.41,213.65,917711,214.38,214.28
1753731000,213.64,213.96,213.62,213.85,410504,214.32,214.26
1753731900,213.83,214.02,213.72,213.74,387126,214.27,214.24
1753732800,213.74,213.94,213.67,213.91,398697,214.22,214.23
1753733700,213.9,213.99,213.71,213.8,451490,214.18,214.21
1753734600,213.82,213.83,213.44,213.46,625170,214.1,214.19
1753735500,213.46,213.61,213.06,213.12,827099,214.01,214.15
1753736400,213.14,213.33,213.06,213.31,698477,213.93,214.12
1753737300,213.32,213.44,213.08,213.43,881278,213.86,214.12
1753738200,213.42,213.87,213.32,213.84,865516,213.81,214.12
1753739100,213.84,214.1,213.65,214.04,2321429,213.78,214.11
1753803000,214.16,214.81,213.75,213.88,2674787,213.74,214.11
1753803900,213.89,213.89,211.5,212.54,2688613,213.62,214.07
1753804800,212.56,213.27,212.07,213.11,1477197,213.55,214.04
1753805700,213.1,213.39,212.61,213.03,1448695,213.5,214.0
1753806600,213.04,213.25,212.4,212.49,1193899,213.41,213.96
1753807500,212.49,212.81,212.12,212.6,1078685,213.33,213.92
1753808400,212.61,212.77,212.26,212.41,776942,213.22,213.89
1753809300,212.38,212.57,211.89,211.9,993050,213.08,213.84
1753810200,211.88,212.22,211.69,211.81,1034786,212.96,213.79
1753811100,211.83,212.54,211.8,212.51,956095,212.92,213.75
1753812000,212.51,212.93,212.32,212.48,1033668,212.86,213.71
1753812900,212.47,212.72,212.0,212.0,695183,212.76,213.66
1753813800,212.0,212.18,211.84,211.93,643335,212.62,213.62
1753814700,211.93,212.24,211.87,212.18,606135,212.49,213.58
1753815600,212.16,212.34,210.89,212.09,1302998,212.36,213.54
1753816500,212.07,212.39,211.94,212.21,835138,212.34,213.5
1753817400,212.21,212.39,212.03,212.14,636378,212.27,213.46
1753818300,212.15,212.34,211.93,212.08,510040,212.2,213.43
1753819200,212.06,212.39,212.02,212.13,573941,212.18,213.39
1753820100,212.13,212.26,211.81,211.96,654850,212.13,213.36
1753821000,211.97,212.44,211.96,212.16,587801,212.11,213.32
1753821900,212.16,212.22,211.97,211.98,419676,212.12,213.29
1753822800,211.97,212.05,211.6,211.79,776234,212.12,213.26
1753823700,211.79,212.04,211.76,211.89,810003,212.07,213.22
1753824600,211.89,211.91,211.48,211.68,775507,212.02,213.17
1753825500,211.67,211.79,211.05,211.35,3028207,211.97,213.12
1753889400,211.9,212.39,210.43,211.02,2290411,211.9,213.05
1753890300,211.0,211.13,210.02,210.42,1155802,211.78,212.97
1753891200,210.43,210.73,210.1,210.43,994935,211.66,212.89
1753892100,210.43,210.88,210.36,210.61,816636,211.55,212.81
1753893000,210.62,210.72,210.36,210.39,644035,211.42,212.73
1753893900,210.39,210.68,210.34,210.43,538821,211.3,212.65
1753894800,210.44,210.58,209.7,209.83,900823,211.14,212.56
1753895700,209.83,210.06,209.62,209.73,747073,210.98,212.46
1753896600,209.72,209.89,209.57,209.87,537204,210.82,212.37
1753897500,209.85,210.19,209.66,210.16,653750,210.69,212.28
1753898400,210.15,210.34,210.07,210.2,493561,210.57,212.2
1753899300,210.2,210.42,210.07,210.13,393202,210.45,212.11
1753900200,210.11,210.17,209.94,209.99,403184,210.33,212.03
1753901100,210.0,210.04,209.51,209.58,597577,210.2,211.95
1753902000,209.59,209.77,209.32,209.43,691928,210.09,211.86
1753902900,209.43,209.82,209.43,209.76,461979,210.04,211.78
1753903800,209.76,210.15,209.72,210.08,462688,210.01,211.71
1753904700,210.09,210.09,209.74,209.92,467588,209.96,211.63
1753905600,209.92,210.04,209.5,209.55,520611,209.9,211.55
1753906500,209.55,209.88,209.48,209.86,532489,209.86,211.49
1753907400,209.86,210.14,209.36,209.8,831555,209.86,211.42
1753908300,209.79,209.81,208.3,208.35,1366087,209.76,211.32
1753909200,208.33,208.53,207.72,208.29,1298581,209.65,211.2
1753910100,208.29,208.71,208.15,208.46,750750,209.53,211.09
